{
  "paths": {
    "/restaurants": {
      "get": {
        "deprecated": false,
        "description": "",
        "responses": {
          "200": {
            "description": "response",
            "content": {
              "application/json": {
                "schema": {
                  "type": "array",
                  "items": {
                    "$ref": "#/components/schemas/Restaurant"
                  }
                }
              }
            }
          },
          "403": {
            "description": "Forbidden",
            "content": {
              "application/json": {
                "schema": {
                  "$ref": "#/components/schemas/Error"
                }
              }
            }
          },
          "404": {
            "description": "Not found",
            "content": {
              "application/json": {
                "schema": {
                  "$ref": "#/components/schemas/Error"
                }
              }
            }
          },
          "default": {
            "description": "unexpected error",
            "content": {
              "application/json": {
                "schema": {
                  "$ref": "#/components/schemas/Error"
                }
              }
            }
          }
        },
        "summary": "",
        "tags": [
          "Restaurant"
        ],
        "parameters": [
          {
            "name": "_limit",
            "in": "query",
            "required": false,
            "description": "Maximum number of results possible",
            "schema": {
              "type": "integer"
            },
            "deprecated": false
          },
          {
            "name": "_sort",
            "in": "query",
            "required": false,
            "description": "Sort according to a specific field.",
            "schema": {
              "type": "string"
            },
            "deprecated": false
          },
          {
            "name": "_start",
            "in": "query",
            "required": false,
            "description": "Skip a specific number of entries (especially useful for pagination)",
            "schema": {
              "type": "integer"
            },
            "deprecated": false
          },
          {
            "name": "=",
            "in": "query",
            "required": false,
            "description": "Get entries that matches exactly your input",
            "schema": {
              "type": "string"
            },
            "deprecated": false
          },
          {
            "name": "_ne",
            "in": "query",
            "required": false,
            "description": "Get records that are not equals to something",
            "schema": {
              "type": "string"
            },
            "deprecated": false
          },
          {
            "name": "_lt",
            "in": "query",
            "required": false,
            "description": "Get record that are lower than a value",
            "schema": {
              "type": "string"
            },
            "deprecated": false
          },
          {
            "name": "_lte",
            "in": "query",
            "required": false,
            "description": "Get records that are lower than or equal to a value",
            "schema": {
              "type": "string"
            },
            "deprecated": false
          },
          {
            "name": "_gt",
            "in": "query",
            "required": false,
            "description": "Get records that are greater than a value",
            "schema": {
              "type": "string"
            },
            "deprecated": false
          },
          {
            "name": "_gte",
            "in": "query",
            "required": false,
            "description": "Get records that are greater than  or equal a value",
            "schema": {
              "type": "string"
            },
            "deprecated": false
          },
          {
            "name": "_contains",
            "in": "query",
            "required": false,
            "description": "Get records that contains a value",
            "schema": {
              "type": "string"
            },
            "deprecated": false
          },
          {
            "name": "_containss",
            "in": "query",
            "required": false,
            "description": "Get records that contains (case sensitive) a value",
            "schema": {
              "type": "string"
            },
            "deprecated": false
          },
          {
            "name": "_in",
            "in": "query",
            "required": false,
            "description": "Get records that matches any value in the array of values",
            "schema": {
              "type": "array",
              "items": {
                "type": "string"
              }
            },
            "deprecated": false
          },
          {
            "name": "_nin",
            "in": "query",
            "required": false,
            "description": "Get records that doesn't match any value in the array of values",
            "schema": {
              "type": "array",
              "items": {
                "type": "string"
              }
            },
            "deprecated": false
          }
        ]
      },
      "post": {
        "deprecated": false,
        "description": "Create a new record",
        "responses": {
          "200": {
            "description": "response",
            "content": {
              "application/json": {
                "schema": {
                  "$ref": "#/components/schemas/Restaurant"
                }
              }
            }
          },
          "403": {
            "description": "Forbidden",
            "content": {
              "application/json": {
                "schema": {
                  "$ref": "#/components/schemas/Error"
                }
              }
            }
          },
          "404": {
            "description": "Not found",
            "content": {
              "application/json": {
                "schema": {
                  "$ref": "#/components/schemas/Error"
                }
              }
            }
          },
          "default": {
            "description": "unexpected error",
            "content": {
              "application/json": {
                "schema": {
                  "$ref": "#/components/schemas/Error"
                }
              }
            }
          }
        },
        "summary": "",
        "tags": [
          "Restaurant"
        ],
        "requestBody": {
          "description": "",
          "required": true,
          "content": {
            "application/json": {
              "schema": {
                "$ref": "#/components/schemas/NewRestaurant"
              }
            }
          }
        }
      }
    },
    "/restaurants/count": {
      "get": {
        "deprecated": false,
        "description": "",
        "responses": {
          "200": {
            "description": "response",
            "content": {
              "application/json": {
                "schema": {
                  "properties": {
                    "count": {
                      "type": "integer"
                    }
                  }
                }
              }
            }
          },
          "403": {
            "description": "Forbidden",
            "content": {
              "application/json": {
                "schema": {
                  "$ref": "#/components/schemas/Error"
                }
              }
            }
          },
          "404": {
            "description": "Not found",
            "content": {
              "application/json": {
                "schema": {
                  "$ref": "#/components/schemas/Error"
                }
              }
            }
          },
          "default": {
            "description": "unexpected error",
            "content": {
              "application/json": {
                "schema": {
                  "$ref": "#/components/schemas/Error"
                }
              }
            }
          }
        },
        "summary": "",
        "tags": [
          "Restaurant"
        ],
        "parameters": []
      }
    },
    "/restaurants/{id}": {
      "get": {
        "deprecated": false,
        "description": "",
        "responses": {
          "200": {
            "description": "response",
            "content": {
              "application/json": {
                "schema": {
                  "$ref": "#/components/schemas/Restaurant"
                }
              }
            }
          },
          "403": {
            "description": "Forbidden",
            "content": {
              "application/json": {
                "schema": {
                  "$ref": "#/components/schemas/Error"
                }
              }
            }
          },
          "404": {
            "description": "Not found",
            "content": {
              "application/json": {
                "schema": {
                  "$ref": "#/components/schemas/Error"
                }
              }
            }
          },
          "default": {
            "description": "unexpected error",
            "content": {
              "application/json": {
                "schema": {
                  "$ref": "#/components/schemas/Error"
                }
              }
            }
          }
        },
        "summary": "",
        "tags": [
          "Restaurant"
        ],
        "parameters": [
          {
            "name": "id",
            "in": "path",
            "description": "",
            "deprecated": false,
            "required": true,
            "schema": {
              "type": "string"
            }
          }
        ]
      },
      "put": {
        "deprecated": false,
        "description": "Update a record",
        "responses": {
          "200": {
            "description": "response",
            "content": {
              "application/json": {
                "schema": {
                  "$ref": "#/components/schemas/Restaurant"
                }
              }
            }
          },
          "403": {
            "description": "Forbidden",
            "content": {
              "application/json": {
                "schema": {
                  "$ref": "#/components/schemas/Error"
                }
              }
            }
          },
          "404": {
            "description": "Not found",
            "content": {
              "application/json": {
                "schema": {
                  "$ref": "#/components/schemas/Error"
                }
              }
            }
          },
          "default": {
            "description": "unexpected error",
            "content": {
              "application/json": {
                "schema": {
                  "$ref": "#/components/schemas/Error"
                }
              }
            }
          }
        },
        "summary": "",
        "tags": [
          "Restaurant"
        ],
        "requestBody": {
          "description": "",
          "required": true,
          "content": {
            "application/json": {
              "schema": {
                "$ref": "#/components/schemas/NewRestaurant"
              }
            }
          }
        },
        "parameters": [
          {
            "name": "id",
            "in": "path",
            "description": "",
            "deprecated": false,
            "required": true,
            "schema": {
              "type": "string"
            }
          }
        ]
      },
      "delete": {
        "deprecated": false,
        "description": "Delete a record",
        "responses": {
          "200": {
            "description": "deletes a single record based on the ID supplied",
            "content": {
              "application/json": {
                "schema": {
                  "type": "integer",
                  "format": "int64"
                }
              }
            }
          },
          "403": {
            "description": "Forbidden",
            "content": {
              "application/json": {
                "schema": {
                  "$ref": "#/components/schemas/Error"
                }
              }
            }
          },
          "404": {
            "description": "Not found",
            "content": {
              "application/json": {
                "schema": {
                  "$ref": "#/components/schemas/Error"
                }
              }
            }
          },
          "default": {
            "description": "unexpected error",
            "content": {
              "application/json": {
                "schema": {
                  "$ref": "#/components/schemas/Error"
                }
              }
            }
          }
        },
        "summary": "",
        "tags": [
          "Restaurant"
        ],
        "parameters": [
          {
            "name": "id",
            "in": "path",
            "description": "",
            "deprecated": false,
            "required": true,
            "schema": {
              "type": "string"
            }
          }
        ]
      }
    }
  },
  "components": {
    "schemas": {
      "Restaurant": {
        "required": [
          "id",
          "opening_hours"
        ],
        "properties": {
          "id": {
            "type": "string"
          },
          "cover": {
            "type": "array",
            "items": {
              "required": [
                "id",
                "name",
                "hash",
                "mime",
                "size",
                "url",
                "provider"
              ],
              "properties": {
                "id": {
                  "type": "string"
                },
                "name": {
                  "type": "string"
                },
                "alternativeText": {
                  "type": "string"
                },
                "caption": {
                  "type": "string"
                },
                "width": {
                  "type": "integer"
                },
                "height": {
                  "type": "integer"
                },
                "formats": {
                  "type": "object"
                },
                "hash": {
                  "type": "string"
                },
                "ext": {
                  "type": "string"
                },
                "mime": {
                  "type": "string"
                },
                "size": {
                  "type": "number"
                },
                "url": {
                  "type": "string"
                },
                "previewUrl": {
                  "type": "string"
                },
                "provider": {
                  "type": "string"
                },
                "provider_metadata": {
                  "type": "object"
                },
                "related": {
                  "type": "string"
                }
              }
            }
          },
          "name": {
            "type": "string",
            "default": ""
          },
          "description": {
            "type": "string",
            "default": ""
          },
          "address": {
            "type": "string",
            "default": ""
          },
          "website": {
            "type": "string",
            "default": ""
          },
          "phone": {
            "type": "string",
            "default": ""
          },
          "price": {
            "type": "string",
            "default": "",
            "enum": [
              "_1",
              "_2",
              "_3",
              "_4"
            ]
          },
          "district": {
            "type": "string",
            "default": "",
            "enum": [
              "_1st",
              "_2nd",
              "_3rd",
              "_4th",
              "_5th",
              "_6th",
              "_7th",
              "_8th",
              "_9th",
              "_10th",
              "_11th",
              "_12th",
              "_13th",
              "_14th",
              "_15th",
              "_16th",
              "_17th",
              "_18th",
              "_19th",
              "_20th"
            ]
          },
          "reviews": {
            "type": "array",
            "items": {
              "required": [
                "id"
              ],
              "properties": {
                "id": {
                  "type": "string"
                },
                "content": {
                  "type": "string"
                },
                "note": {
                  "type": "integer"
                },
                "author": {
                  "type": "string"
                },
                "likes": {
                  "type": "array",
                  "items": {
                    "type": "string"
                  }
                },
                "restaurant": {
                  "type": "string"
                }
              }
            }
          },
          "category": {
            "required": [
              "id"
            ],
            "properties": {
              "id": {
                "type": "string"
              },
              "name": {
                "type": "string"
              },
              "restaurants": {
                "type": "array",
                "items": {
                  "type": "string"
                }
              }
            }
          },
          "opening_hours": {
            "type": "array",
            "items": {
              "type": "object",
              "required": [
                "id",
                "day_interval"
              ],
              "properties": {
                "id": {
                  "type": "string"
                },
                "day_interval": {
                  "type": "string"
                },
                "opening_hour": {
                  "type": "string"
                },
                "closing_hour": {
                  "type": "string"
                }
              }
            },
            "minItems": 1
          }
        }
      },
      "NewRestaurant": {
        "required": [
          "opening_hours"
        ],
        "properties": {
          "name": {
            "type": "string",
            "default": ""
          },
          "description": {
            "type": "string",
            "default": ""
          },
          "address": {
            "type": "string",
            "default": ""
          },
          "website": {
            "type": "string",
            "default": ""
          },
          "phone": {
            "type": "string",
            "default": ""
          },
          "price": {
            "type": "string",
            "default": "",
            "enum": [
              "_1",
              "_2",
              "_3",
              "_4"
            ]
          },
          "district": {
            "type": "string",
            "default": "",
            "enum": [
              "_1st",
              "_2nd",
              "_3rd",
              "_4th",
              "_5th",
              "_6th",
              "_7th",
              "_8th",
              "_9th",
              "_10th",
              "_11th",
              "_12th",
              "_13th",
              "_14th",
              "_15th",
              "_16th",
              "_17th",
              "_18th",
              "_19th",
              "_20th"
            ]
          },
          "reviews": {
            "type": "array",
            "items": {
              "type": "string"
            }
          },
          "category": {
            "type": "string"
          },
          "opening_hours": {
            "type": "array",
            "items": {
              "type": "object",
              "required": [
                "id",
                "day_interval"
              ],
              "properties": {
                "id": {
                  "type": "string"
                },
                "day_interval": {
                  "type": "string"
                },
                "opening_hour": {
                  "type": "string"
                },
                "closing_hour": {
                  "type": "string"
                }
              }
            },
            "minItems": 1
          }
        }
      }
    }
  },
  "tags": [
    {
      "name": "Restaurant"
    }
  ]
}